12	CP(|B)N0. 100/BB/2019	For admission	Sec 7 of I&B code 2016	Tar. Ananthalaksh- mi PM	A & Y Partners	W5 TMI Healthcare Pvt Ltd	Dr. SV Joga Rao, Smt S Radha Pyari & S Yashwant Prasad	
13	CP(IB)No. 44/88/2018	For admission	Sec 7 of I&B Code 2016	M/s Classic Infra Energy  Resources Pvt Ltd	Sri. Nagendra	M/s Kashyap Construction 5 Pvt Ltd	Karan Joseph	
14	CP(lB)No. 76/83/2019	For admission	Sec 9 of I&B code 2016	7M/s Agarwal Foundries Pvt Ltd	Sanjay Kumar Sharda & Saurabh Agarwal PCA	M/s Adarsha Global Build  Projects Pvt  Ltd	HVV Associates	
15	CP(IB) No. 137/BB/2018	For admission	Sec 9 of I&B code 2016	’M/s Joji Thomas	Southern Resolution Professionals LLP	M/s. SGP Software Solutions Pvt Limited	Mahesh & Co Advocate	
16	CP(IB) No. 123/33/2019	For admission	Sec 7 of I&B code 2016	M/s Miller Traders Pvt Ltd	Agraa Lesgal	ﬁ/S Dunlop Polymers Pvt Ltd		
17	CP(lB)No. 157/BB/2018	For admission	Sec 9 of I&B code 2016	M/s Rang Emei Gonmei	Naveen Kumar	M/s Aditazz Design Technologies Pvt Ltd		
18	CP(|B)N0. 152/BB/2018	For admission	Sec 9 of I&B code 2016	M/siFormica Laminates (India) Pvt Ltd	LEX Port Advocates	M/s PE LE Asia Trading Pvt Ltd	Singhania & co.,	
19	CP(IB)N0. 215/BB/2018	For admission	Sec 9 of I&B code 2016	M/s Anirban Chakrabothy	AK Law Chambers	M/s Futemind Technologies  (P) Ltd	Nikhil D Kamath (VK not filed)	
20	cpuB) 205/BB/2019	For admission	Sec 9 of I&B Code 2016	M/s Mahesh Hardware & Pipes Pvt Ltd	7A} Law Chambers	M/s Krishna Enterprises (Housing & Infrastructur e) India Pvt Ltd		
21	CP(IB)N0. 175/BB/2019	For admission	Sec 9 of I&B code 2016	Truefnix Concrete (India) Pvt Ltd	C. Muralidhara	Mantﬁ Developers Pvt Ltd		
