48	CP No. 65/38/2018	For hearing	Sec 213 of CA 2013	W5 Peepul Capital Fund II LLC	DUA Associates	Univérsal Power Transformer Pvt Ltd and others	Shri K Dushyanth a Kumar R1, Shri K Prakyath Shetty R2, Shri V L Harish Kumar R3	
49	E(IBmo. 52/33/2017	For hearing	Sec 9 of I&B code 2016	iRandstad India Pvt. Ltd.	Kochhar& Co.,	Camson Bio Technologies Ltd.	Kumar & Bhat Advocates Medha Kulkarni, IRP	
50	CP(iB)No. 132/BB/2018	For hearing	Sec 9 of I&B code 2016	M/s Palm Printz	KDSH & Associates LLP	M25 Pink Roase Lingerie Pvt Ltd	Shri Santosh Kumar (VK not filed) Ramantha n Bhuvanes hwari RP	
51	7CP(|B)N0. 188/BB/2018	Forheéﬂng	Sec 9 of I&B code 2016	MhCH Robinson Worldwide Freight India Pvt Ltd	V/s Crest Law Partners	Wis Supreme Ovearseas Exports India Pvt Ltd	7Ashok B Patil, Advocate	
52	E(IBmo. 124/33/2017	Forheéﬂng	Sec 7 of  I&B code, 2016	Reﬁahce Capital AIF Trustee Company Pvt Ltd. & Othersi	7Tétva Legal	Fortuna Bqucon India Pvt. Ltd	Tawyers INC advocates	
53	CP(|B)No. 131/BB/2017	For hearing	Sec7(1) ofl&B  code, 2016	ReHance Capital AIF Trustee Company Pvt Ltd. & Others	Eva Legal	Fortuna (India) Projects Pvt. Ltd., & Others	Eathyanar ayana Advocate	
54	CP(|B)No. 132/BB/2017	For hearing IA 228/18,IA 326/18	Sec 7(1) of I&B  code, 2016	Rehance Capital AIF Trustee Company Pvt Ltd.,	Etva Legal	Fortuna UrbanscapeP vt. Ltd.	Lawyers Inc.	
55	CP(IB)N0. 135/BB/2018	Forheaﬂng IA 191/19	Sec 7 of I&B code 2016	M/s Asia Pragath capfin Pvt Ltd	WAgraa Legal	M/s Bangalore Dehydration & Drying Equipment Co. Pvt Ltd '	Ravishank ar Associates for R—3	
