SL No	Case No. (TP/CP/  CA(CAA)/ CP(CAA))	Purpose	Section	Name of the Petitioner or Petitioner Company	Kama of the Counsel/PCS' s Appearing for Petitioner	7Name of the Respondent or Respondent Company	Name of the Counsel/P CS’s Appeaﬁng for Responde nt	
	CP 71/10, TP 24/16	For pronounceme nt oforders	iSec 397/ 398 of CA 1956	Gautam R. Padival & 2 Ors	17K. Law Chambers	The Karnataka Theatres Ltd. & 55 Ors.	Pradeep D. of Just Law for R- 1 to R-9. Agraa Legal for R—11 to R- 13 & 37. .Vivekana nda of VGB Associates for R—54.	
	CP(lB)No. 104/33/2019	For pronounceme nt of orders	”Sec 9 of I&B code 2016	Mr. Sony Mathew	K Dushyantha Kumar, Hari Babu Thota, PCS	M/s QUadra Software  Solutions Pvt Ltd	Vinay Kuttappa KS, Advocate	
	CP No. 81/88/2019	For pronounceme nt of orders	Sec 252(1) /252(3) of CA 2013	M/s Bluechip Services (International) Pvt Ltd	Laxmikanth  K.B, Advocate	ROC '		
	CP No. 92/83/2019	For pronounceme nt of orders	’Seczsz of CA 2013	M/s llona Hospitalities Pvt Ltd	T(rishnamurth y Hegde, PCS	ROC		
