CP 268/16, TP 212/17	CP 267/16, TP 211/17			1 Rishi, Advocate (VK returned) 5 Vivekananda, advocate \	Elecon Measurements Pvt. Ltd.	Sec 391/394 of CA 1956	For clarification	
CP(IB) No. 154/33/2017			Rishi, Advocate (VK returned) S Vivekananda, advocate	Elmeasure (India) Pvt Ltd.		‘ Sec 391/394 of CA 1956	For clarification	
Trivium Systems Inc	Sec  ‘ 433(e)/ 433(f) of CA 1956	For clarification	Deepak Cables (India) Ltd	India Law LLP	State Bank of India	Sec 10 of I&B 2016	For clarification	
M/s Reddarrow Communicatio ns	Sec 9 of I&B code 2016		‘ CP 133/15, in TP 15/17		5.5. Legal	Sobha Renaissance Information ‘ Technology Pvt. Ltd.(SRlT)	Shetty & Hegde ‘ Associates	
Sec 7 of I&B code ‘ 2016	Dr. SV Joga Rao, Smt S Radha Pyari & S Yashwant Prasad	M/s TMI Healthcare Pvt Ltd		For admission	CP(|B) No. 215/BB/2019	‘ M/s Veracious Builders &  Developers Pvt Ltd	Manjunath S, advocate	
Sec 7 of I&B code 2016	\ Dr. sv Joga Rao, Smt S Radha Pyari & S Yashwant Prasad	M/s TMI Healthcare Pvt Ltd	10	I For admission	} CP(IB) No. 95/33/2019	A & Y Partners, Advocates	Dr. Harish Kumar H	
