	CP(lB) No. 116/BB/2018	For admission	‘ U R Nayak, Advocate	‘ N Gowtham Raghunath Advocate	‘ M/sAPL Apollo Tubes Ltd	Sec 9 of I&B code 2016	‘ M/s Tanisha Scaffolding (India) Pvt Ltd	
23	For admission	CP(IB)N0. 14/33/2019		Agraa Legal	M/s Pavan Steel House	Sec 9 of I&B code 2016	M/s Tanish Scaffolding (India) Pvt Ltd	
24	CP(IB)N0. 29/33/2019	Sec 9 of I&B code 2016	For admission		M/a Camson Bio Technologies Limited	C K Nandakumar	M/s Riya Packers Pvt Ltd	
	‘ CP(IB)No. 87/BB/2019	Sec 9 of I&B code 2016	For admission	‘Deepak Basava raj, Prathap K Advocates ‘	‘ M/s Sura Leathers Pvt Ltd	‘ BDN Chambers	M/s Harish Corporation	
26	CP(IB)No. 117/BB/2019	‘ u a For admISSIon	1 Shetty & Hegde Associates	‘ M/s Indian ‘ Potash Ltd	Sec 9 of I&B code 2016	M/s Srinivas & Badru Counsels	y M/s MSR Chemicals & Fertilizers Pvt Ltd	
	‘ CP(IB) No. 79/33/2019	Sec 9 of I&B code 2016	For admission	Singhania & ‘ Co.,	M/s Pyrotech ‘ Workspace  Solutions Pvt Ltd	‘ Aditya Singh & S R Dodawad, Advocates	M/s Papercats  ‘ Creative Solutions Pvt Ltd	
28	CP(|B) No. ‘ 195/BB/2019 1	‘ Sec 9 of I&B code 2016	For admission	Sharda, PCA  } Sanjay Kumar	M/s MS Agarwal  Foundaries Pvt Ltd	M/s Gulam Mustafa  Enterprises Pvt Ltd	M/s Sunil & Sanjay Chartered Accountan ts	
29	‘ CP(|B)No. 86/88/2019	1 For admission	,Sec9of I&Bcode  2016	KNS Law ; Chambers	‘ Mr. Anish Thomas	B Thripuram BA, Advocate	M/s Immersion Online  Service Pvt Ltd	
30	CP(IB) No. 58/83/2017	Sec 9 of [8:3 code 2016	For admission	1 Print Plus Pvt. Ltd .	‘ M.S. Sivarama Kﬁshnan	1 Manipal Technologies Ltd	Fox Manda] 84 Associats	
31	CP(IB)N0. 165/BB/2018	‘ For admission	1 M/s Radico Khahan Limited	‘ Sec 9 of I&B code 2016	‘ Khaitan & Co., LLP Advocates	! Jojo Jose (VK not ﬁled)	‘BT&FC  Private Limited	
