32	FPUBWO. 64/88/2019	For admission	Sec 10 of I&B code 2016	3 M/s Vintage Foods & Industries Ltd	CS Maya Gupta	M/s KSIIDC Limited and other	Y V Prathasara thy, YP Gokul & Smt YP Chaitanya for R — 5, V F Kumbar & M Narayanas wamy Advocates for R—l	
33	CP(IB)N0. 141/BB/2018	Er reporting settlement	Sec 9 of I&B  code, 2016	M/s Mak Enterprises	Shrisha V M PCS, Medha  Kulkarni PCA	M/s Soverign Industries Ltd	Conscienti a Law Associates	
34	EP(IB)No. 142/BB/2018	F70; reporting settlement	Sec 9 of I&B code, 2016	TWS Sagetech Automation Pvt Ltd	Shrisha V M PCS, Medha  Kulkarni PCA	M/s Soverign Industries Ltd	Conscienti a Law Associates	
35	WCP(IB)N0. 91/33/2017	?dr reporting settlement	Sec 9 of I&B code 2016	VAshapura Minechem Ltd	India Law LLP	Camson Bio- Technologies Ltd	Kumar & Bhat	
36	CP 71/15, TP 79/16	For hearing	Sec 397/ 398 Of CA 1956	Eéyvikram & 3 Others	Sri K V Dhananjay, Sudharsan Suresh & others P1 to P3	WSiorke Chandrasena n Hospitals (P) Ltd., & 6 Others.	1 J. Sagar Associates for R1 to R6.	
37	7C7P(CAA) No. 11/33/2019	Er final heaﬁng	Sec 230— 232 of CA 2013	M/s Adva IT Solutions Pvt Ltd	Hari Babu Thota		Kumar M N CGC for RD & ROC	
38	CP(CAA)N0. 09/88/2019	For final heaﬂng  IA 287/19 — alteration of scheme	Sec 230- 232 of CA 2013	M/s Velcan Renewable Energy Pvt Ltd	Aparna Purkaystha Advocate		Ganesh R G , Advocate for IT Deparmte nt	
39	TNCAA) No. 39/33/2019	For hearing	Sec 230- 232 of CA 2013	M/sﬂEssae Digitronics Pvt Ltd	VSPJ Legal			
