40	CP(CAA) No. 07/33/2019	Sec 230- 232 of CA 2013	For hearing	M/s HU Software India Pvt Ltd	Tejus & Ravi Kiran CAs		OL report received	
CP(CAA) No, 13/33/2019		For hearing	M/s Bill Forge Pvt Ltd	Sec 230- 232 of CA 2013	SPJ Legal, Advocates	Smt Prema Hatti ROC, CGC		
42	CP No. 582/BB/2018	Sec 66 of CA 2013	For hearing	‘ M/s Individual Learning Pvt Ltd	Pragati Law Chambers	Smt Prema Hatti CGC, ROC		
43	CP N0. 464/BB/2018	For final heaﬂng	Sec 241- 242 of CA, 2013	A Murali, Advocate	M/s Shankar Subramanya Bhat	M/s Star Cable lnfomet Pvt Ltd	SPJ Legal R1~4	
	CP No. 93/88/2019	‘Forﬁnal heaﬁng	Sec 241- 242 of CA 2013	Mr. B Govinda Ramesh	1 G M ‘ Ganapathi, PCS	M/s Vinyasa Engineers Pvt Ltd & others	S Vivekanan da for R1- 4 (VK not filed)	
45	CP No. 38/ BB/ 2018	For hearing IA 202/19	Sec 241- 242 of CA 2013	‘ M/s Suhas Yeled Sharanabasap  pa	SPJ Legal	M/s Adita Bio Sys Pvt Ltd and Others	Naman G Joshi CS R1 — R4	
46	CP No. 478/BB/2018	Sec 241/242 of CA 2013	For final heaﬁng	Mr. Mazharul Islam	1 Lexport Advocates & Legal Consultants	M/s Bangalore Brush Company Pvt Ltd & Ors	Qaisar Ahmed VK not filed	
47	CP No. 64/BB/2018	For hearing	Sec 245 ‘ of CA 2013	M/s Peepul Capital Fund II LLC	DUA Associates	Universal Power  ‘ Transformer Pvt Ltd and others	Shri K Dushyanth a Kumar R1, Shri K Prakyath Shetty R2, Shri V L Harish Kumar R3	
