29	THIS) No. 48/33/2018	For admission	Sec 9 of I&B Code 2016	Vishwas Concrete Pvt Ltd	7A Murali Advocate	Pranee Infrastructur es Pvt Ltd	Shri  Sampanth Kumar T k Advocate	
30	CP(IB) No. 71/38/2018	For admission	Sec 9 of I&B Code 2016	M/s Vishwas Concrete	Perikal Arjun J Sagar Associates	M/s Pranee Infrastructur es Pvt Ltd	Shri  Sampanth Kumar T k Advocate	
31	CP(|7B)No. 92/BB/2018	For admission	Sec 7 of I&B Code 2016	Eri P Pradeep Kumar and others	ilndia Law LLP Advocates	M/s Gruha Kalyan Houﬂng  Projects Pvt Ud		
32	CP(IB) No. 20/83/2018	For admission	iSec 7 of I&B code 2016	M/s Bennett Property Holdings Company Limited	$oovayya & Co.	BCIL Realty Pvt Ltd.	Reach Law (Srinivas V)	
33	CP(|B)No. 186/BB/2018	For admission	isrec 9 of I&B code 2016	M/s Natural Capsules Pvt Ltd	7 Maths Law Associates	M/s Ayurwin Pharma Pvt Ltd		
34	CP(|B) No. 180/BB/2018	For reporting settlement	Sec 9 of I&B code 2016	M/s Skyways Technics A/S	Gthham Raghunath	“/5 Air Peagus Pvt Ltd	iVikhar Ahmed B, Advocate	
35	CP(lB)No. 162/BB/2018	For reporting settlement	”Sec 9 of I&B code 2016	M/s Harra Polypack	Commom Law Chambers	M/s Expert Industries Pvt Ltd	Indus Law, Advocates	
36	CP 61/13, CA 01/16 in TP 51/16	For reporting settlement	Eec 397/ 398 of CA 1956	C. Vasanth Kumar & 2 Others	Kumar & Kumar	Balakrishna Livestock Breeders P. Ltd. & 12 Others	J. Sagar Associates for R1 to R5 & R-12 to R-13. (A Murali)	
37	CP(|B)No. 22/88/2018	For reporting settlement	Sec 9 of I&B Code 2016	M/s Dentsu Media and Holdings India Pvt. Ltd	M s Ganapathy (Indus Law)	M/s Air Pegasus India Pvt Ltd	iD Vikhar Ahmed	
38	CP No. 118/BB/2017	For settlement	Ed 241/ 242 of CA 2013	Amit Jnégal	Karan Joseph	Raremile Technologies Pvt. Ltd. & Others	Wdus Law Advocates	
'39	CP No. 20/BB/2019	For hearing/settle ment	Sec 241- 242 of CA 2013	M/s Simplex TMC Pvt Ltd	UKCA & Partners	M/s Simplex Nagai Costings Pvt Ltd	Edeep Bhuraria, Pankhuri Jain	
