40	CP(IB)No. 222/BB/2018	For admission	Sec 9 of I&B code 2016	M/s Taj SATS Air Catering Limited	7 Dhananjay Joshi Associates	M/s Air Peagus Pvt Ltd	Mr. Vikhar Ahmed B, Advocate	
41	CP No. 63/88/2019	For hearing	Sec 252(1) CA, 2013	M/s Mookambika Inns Pvt Ltd	Sivaramakris hnana, Advocate	ROC	ROC report awaited	
42	CP No. 82/BB/2019	For hearing lAs 205/19, 206/19, 207/19 & 208/19	Sec 241- 242 of CA 2013	Vt Chalasani Venkateshwar a Rao & Ors	7MB Holla & Holla	M/s United Telecoms Ltd	Sowmya Sﬂdhan Advocate for R-2, 4 & 5	
43	E(IBmo. 51/BB/2018	For hearing  IA 185/19 & IA 292/19, IA 299/19 for punishing respondent	Sec 7 of I&B code 2016	M/s Oriental Bank of Commerce	Shri V B Ravi Shankar, Shri Alok Kailash  Saksena, lRP	M/s Associate Decor Limited	M/s Keystone Partners, B T Prasanna Kumar, Asha SM, Pradeep KR & Arunr	
44	CP65/ 15, TP 78/16	For hearing on CA 1/15, IA 148/18	Sec 397/398 of CA 2013	Asianet Network Pvt. Ltd. & 3 Others	Poovéyya & Co.	Kannada Prabha Publications Ltd. & 3 Others	iRajkishan for R—l	
45	CPNoJ 490/BB/2018	For hearing	7 Sec 66 of CA 2013	M/s Vestido E- Tailoring Pvt Ltd	K Sandhya Lakshmi	ROC	Smt Prema Hatti CGC	
46	CP No. 05/33/2019	For final hearing	Sec 66 of CA 2013	M/s Cookpad India Technologies Pvt Ltd	Fox Mandal & Associates		i'l'immanna Bhat Devathe, Salela T Bhat Advocates /CGC for ROC	
