	CP(IB)No. 91/33/2019	For orders	Sec 9 of I&B code 2016	M/sVGBR Corporation	Ewyers G uild Solicitors and Advocates	M/s Mindlogicx Infratec Ltd	Law Square Advoates  & Sohcnors	
	CP 267/16, TP 211/17	For clarification	Sec 391/394 of CA 1956	Eecon Measurements Pvt. Ltd.	ALMT Legal, S Vivekananda, advocate		Smt  Prema Hatti CGC for ROC	
	CP 268/16, TP 212/17	For clarification	Sec 391/394 of CA 1956	Elmeasure (India) Pvt Ltd.	ALMT Legal, 5 Vivekananda, advocate		Smt Prema Hatti CGC for ROC	
10	CP No. 116/BB/2019	For admission	Sec 252	Scope Laboratories Pvt. Ltd	EKMurali	W3C		
11	CP(|B) Nro.. 92/33/2019	For admission	Sec 9 of I&B Code 2016	M/s H D Wires Pvt Ltd	B v ’ Nidhishree Advocate	M/s Riteway Packaging Pvt Ltd	Notice not collected	
12	CP(|B) No. 167/BB/2019	For admission	EC 10 of I&B code 2016	M/s GNB Technologies (India) Pvt Ltd	Kriun Rao			
13	CP(IB)No. 178/BB/2018	For admission	Eéc 9 of I&B code 2016	M/s Exxonmobil Lubricants Pvt Ltd	Aaren Associates	M/s Wilworth Earth Movers Pvt Ltd		
14	CP(|B)No. 31/33/2019	For admission	Visec 9 of I&B code 2016	M/s Asset Reconstruction  Company Limited	HASV Advocates	M/s Esteem Estate Projects Pvt Ltd		
15	CP(lB)No. 207/BB/2018	For admission	a 9 of I&B code 2016	M/s Global Infonet Distribution Pvt Ltd	Keystone Partners	M/s lkyam Solutions Pvt Ltd		
16	CP(IB) No. 191/33/2019	For admission	Sec 9 of I&B code 2016	M/s Dnova lnfracon Pvt Ltd	‘Pragati Law Chambers	M/s Time & Space Lifestyle LLP		
17	CP(lB)No. 62/BB/2019	For admission	33c 9 of I&B code 2016	M/s Manpower Group Services Pvt Ltd	Universal Legal	M/s Mindlogiex Infratech Ltd	LmN Square, Advocates  & Sohcnors	
