18	CP(IB)N0. 140/BB/2019	—. . \ For admISSIon	iSec 9 of I&B Code 2016	Mr.Sri. Ravi Ayyanar	Anup S Shah Law firm	M/s Mindlogicx lnfratech Ltd	Law Square, Advocate  & Solicitors	
19	CP(lB)No. 54/33/2019	For admission	gt} 9 of I&B code 2016	M/s Group 2 Care Services Pvt Ltd	KIAA LLP Advocates	M/s Quest Offices Pvt Ltd	EA Law Chambers	
20	CP(lB) 7N0. 143/33/2019	For admission	Eec9 of ‘  I&B code 2016	M/s Senses Creations	Nikhil Kurgod (N K Law Chambers)	M/s Propcare ‘ Mall Management (India) Pvt \ Ltd		
21	CP(|B) No. 208/BB/2019	For admission	EC 9 of I&B code 2016	M/s Enkay Technologies (India) Pvt Ltd	Aravinda Kamath P, Advocate	M/s Ingersoll- Rand Climate Solutions Pvt  Ltd		
22	CP(IB) No. 165/BB/2019	For admission	iSec 9 of I&B Code 2016	M/s Ram Ratna Infrastructu re Pvt Ltd	M/s Conscientia Law  Associates	M/s AVeda Ventures Pvt Ltd		
'23	CP(|B)N0. 58/88/2019	For admission	Sec 9 of ‘ I&B code 2016	M/s APL Apollo Tubes Ltd	N Gowtham Raghunath & Ankitha G	M/s Adity  Auto  Engineering 1 Pvt Ltd ,	Eu resh Markanda Setty, Advocate	
24	CP(|B) No. 200/33/2019	For admission	Sec 9 of I&B Code 2016 #	M/s Sri Ganesh Trading Co. (YPR)	R P Lam & & Co.,	M/s AyUrwin Pharma Pvt Ltd		
25	CP(IB) No. 201/33/2019	For admission	gé 9 of I&B Code 2016	M/sJ R Metal Chennai Ltd	R P Lalit & & Co.,	M/s Héysala Projects Pvt Ltd		
26	CP(lB) No. 202/33/2019	For admission	Sec 9 of I&B Code 2016	M/sJ R Metal Chennai Ltd	R P Lalit & & Co.,	M/s Value Designbuild Pvt Ltd		
	CP(IB) No. 203/33/2019	For admission ‘	Sec 9 of I&B Code 2016	M/sJ R Metal Chennai Ltd	R P Lalit & & Co.,	M/s Chourasia Construction 5 &  ‘ lnfrasturctue Pvt Ltd		
