SL No	Case No. (TP/CP/ CA(CAA)/ CP(CAA))	Purpose	Section	Name of the Petitioner or Petitioner Company	TVame of the Counsel/PCS’ s Appearing for Petitioner	Name of the Respondent or Respondent Company	Name of the Counsel/P CS's Appearing for Responde nt	
	CP(CAA) No. 07/33/2017	For pronounceme nt of orders on IA 279/19	Eec 230- 232 of CA 2013	M/s Nandos Karnataka Restaurants Pvt Ltd	KS Mallikarjuna Reddy		Emt Sinchana M R CGC	
	CA(CAA) No. 32/33/2019	For pronounceme nt of orders	Sec 230— 232 of CA 2013	M/srABB India Ltd	M/s Cyril Amarchand Mangaldas, Advocates & SPJ Legal			
	CA(CAA) No. 39/33/2019	For pronounceme nt of orders	?éc 230- 232 of CA 2013	M/s Essae Digitronics Pvt Ltd	SPJ Legal			
	CP(CAA) No. 38/38/2018	For pronounceme nt oforders	Sec 230— 232 of CA 2013	Amazoh IT Services Pvt Ltd	Cyril Amarchand Mangaldas			
	CA(CTAA) No. 30/33/2019	For pronounceme nt of orders	Sec 230— 232 of CA 2013	M/s Transroute Televentures Pvt Ltd	SPJ Legal			
	CA(CAA) No. 29/33/2019	For pronounceme nt of orders	5c 230- 232 of CA 2013	M/s IBM Business Consulting Services Pvt Ltd	SP] Legal			
