	CP(lB) No. 129/BB/2019     \ I	For admission	Sec 9 of I&B code 2016	M/s Medico Remedies	K.M. Prakash	M/s Panacea Hospitals Pvt Ltd	Sindrhu V for Shivarama ‘kﬁshnan (VK not filed) ‘	
17	CP 70/15, TP 11/17	For reporting ‘ settlement	Sec 433 \ (e) (f) of CA 1956	Kartik Kalevar ‘ & 20 Ors. ‘	Santosh S.  Nagarale/ K. M. Rao ‘ Bhosale	Metro Corn. Infrastructur ‘ e Ltd.	Abdul Ameen	
18	CP 71/15, TP 12/17	For reporting settlement	Sec 433 ‘ (e) (f) of CA 1956	Jayaprakash Narayan Rao N.R	Santosh S.  Nagarale/ K. M. Rao ‘ Bhosale	Metro Cdrpn. Infrastructur e Ltd.	Abdul Ameen	
19	CP 21/16, TP 87/16	Forheaﬁng	397/ 398 of CA 1956	Unnikrishnan Nair P	Lawyers Inc.	Anlonips Engir.Pvt.Ltd	Legal Solutions	
20	CP 295/16, TP 135/17	For hearing	Sec 433(e) of CA 1956	Mc Nally Sayaji 1 Engineering Ltd.,	Navayana Law Office	Scorpio Engineering Pvt. Ltd.	Maneesha Kongovi  Conscienti a Law Associates	
Conscienti a Law Associates		CP(lB)No. 141/BB/2018	For reporting ‘ settlement	Sec 9 of I&B code 2016	M/s Mak 7 Enterprises	Shrisha V M PCS, Medha Kulkarni PCA	M/s Soverign 1 Industries Ltd	
	22	CP(IB)N6. 142/BB/2018	For reporting settlement	Sec 9 bf I&B code 2016	M/s Sagetech Automation Pvt Ltd	Shrisha V M PCS, Medha Kulkarni  PCA	M/s Soverign Industries Ltd	
		CP(CAA) No. 18/88/2019  J	For final heaﬂng	Sec 230- \ 232 of CA 2013	M/s Sacred  Hospitality  Company Pvt \ Ltd	SPJ Legal		
Ms Shivarama Krishnan		CA(CAA) No.16/BB/20 19	m IA 298/19 — reconvening the meeting of unsecure creditors  (	Sec 230/ 232 of CA, 2013	M/s Lincoln Helios (India) Ltd	Maneesha Kongovi,     Advocate		
