	CP No. 43/BB/2018	For orders	’Sec 131 of CA 2013	M/é American Road Technology & Solutions Pvt Ltd	iMandgi Associates Advocates 8: M M Swamy, Advocate	TROC	Smt  Prema Hatti CGC, ROC	
	CP(IB) No. 58/BB/2017	For orders	Sec 9 of I&B code 2016	ﬁnt Plus Pvt. Ltd	TVLS. Sivarama Kﬁshnan	Mahipal Technologies Ltd	Fox Mandal 8: Associats	
	E(CAA) No. 24/33/2019	For admission	Sec 230- 232 of CA 2013	M/s MK Agro Tech Pvt Ltd	?hrisha VM, PCS			
	CP(CAA) No. 25/33/2019	For admission	Sec 230- 232 of CA 2013	M/s MK Eco Power Pvt Ltd	Errisha VM, PCS			
10	CP No. 118/BB/2019	For admission	39c 241- 242 of CA 2013	Sana Ahmed	Ms. Prutha Bhavathi & Mr. Shishira Amarnath, Advocates	M/s Altair Construction 5 Pvt Ltd & othes		
11	CP No. 119/BB/2019	For admission	Sec 252(3) CA 2013	M/s Kanti Agro Products Pvt Ltd	Pratibha Vahini & Co.,			
12	CP No. 120/BB/2019	For admission	?éc 252 CA 2013	M/s Solid Real_ Estate Pvt Ltd	M/s S Sathiyanaray anan, advocates	ROC		
13	CP(IB) No. 135/BB/2019	For admission	WSec 7 of I&B code 2016	Mr. Jai 7' Shankar Kﬂshnan	Juris Corp, Advocates and Solicitors & S. Guru Prasanna Priyanka S. Angadi, Advocatesr	M/s VDB Whitefield Development Pvt Ltd	Eandraka 1 nt (VK not I filed)	
14	CP(|B)No. 79/88/2018	For admission	?Sec 9 of I&B Code 2016	M/s KEC International Ltd	Karthik Ranganathan LL	M/s Delton Electric Switchgears Pvt Ltd	Shri Athﬂ Atur, Agraa Legal	
15	CP(IB) No. 196/BB/2019	For admission	Sec 9 of I&B Code 2016	M/s Platinum Communicatio ns Pvt Ltd	AshokrB Patil, Advocate	M / s Prriimus Lifespaces Pvt Ltd		
