’26	CP(lB) No. 9/33/2017	For hearing IA 282/19 — for Direction	EC 7 of I&B code 2016	IDAC Solutions Pvt Ltd	Shri Thirupal  Gorige RP	Liquid Space  Entertainmen 1 t Pvt. Ltd.,	J. Sagar Associates , Shantanu Awasthi Advoate in IA No. 282/19	
27	CP(|B) No. 02/33/2017	For hearing	?éc 10 of I&B code 2016	Nysa Enterprises Pvt Ltd.	Crest Law Partners		MGC &  Co. Advocates  ‘ &  ‘ Solicatorsi	
28	CP(IB)No. 182/BB/2018	For dismissal	Sec 9 of I&B code 2016	M/s Ravindra Interior Pvt Ltd	J Hudson & Samuel partners	M/s Siesta Hospitality Services Limited	Fox  Manda! &  Associates j Advocate	
’29  30	DY No. \ 2367/BB/201 ; 9	For non — compliance of office objections	Sec 9 of ‘ I&B code 2016	M/s National Electric & Refrigeration Co.,	Lawyers Guild, Solicitors & Advocates	M/s Technotree Engineering Solutions Pvt Ltd (OPC) ]		
	DYNo. ' \ 652/BB/2019	For non- compliance of office objections	Sec 252 CA 2013	M/s Apreco Engineering Works Pvt Ltd	Kumar Ram CM 8L Vidya Sharadha, Advocates	ROC		
	31	DY No. 1205/BB/201 9	For non— compliance of office objections	Sec 21— 242 of CA 2013	Ms. 7 Vijayalakshmi Murugappan & Ors.	Ricky Chopra, Advocate	Mr. Minish Sanghi & Ors	
	32	DY No. ‘ 1273/33/201  9	For non- compliance of office  ‘ objections	Sec 230— 232 of CA 2013	M/s Njuta Technologies Pvt Ltd &  ‘ another	Samvad Partners		
		DY No. 1274/BB/201 9  \	For non- compliance of office objections	Sec 230- 232 of CA 2013	M/s Greenfield Network Technologies Pvt Ltd & ors	Khaitan & Co LLP		
	34	DY No. 1408/BB/201 9	For non- compliance of office objections	Sec 252 CA 2013	M/s Sri Wright Homes India Pvt Ltd	Jose Thomas & Ashwin Kumar HS, PCS 7		
