	Case No. (TP/CP/ CA(CAA)/ CP(CAA))	Purpose	Section	Name of the Petitioner or Petitioner Company	Name of the Counsel/PCS' s Appearing for Petitioner ‘	Name of the Respondent or Respondent Company	Name of the Counsel/ P CS’s Appearing for Responde nt	
	CP 68/12, CA 1/2013 in TP 39/16	For pronounceme nt of orders on IA 296/19	Sec 397/ \ 398 of CA 1956	Sudarshan  Kumar Manchanda &  2 Ors	Adarsh S./ Arun Sri kumar	S.M. Kannappa Automobiles (P) Ltd. & Ors. ,	Key Stone Partners	
	CP(|B)No. 151/BB/2018	For admission	Sec 7 of I&B code 2016	M/s Shan Global Manufacturing & Trading Pvt Ltd	A Muréli, Advocate	M/s CLN Properties Pvt Ltd	Mr. Devaraj KS, Mr. I S Devaiah, Advocates	
	CP(IB)No. 99/33/2017	For orders IA 312/19 - ‘ for direction	EC 7 of I&B code 2016	MG. Mohan Kumar & 2 Others	T.K. Vishwajith& M.N. Srikanth	American Road Technology & Road Solutions Pvt. Ltd	Mandgi Associates Advocates ‘ & M M Swamy, Advocate	
	CP(IB) No. 116/BB/2017	For orders ‘	Sec 9 of I&B code ‘ 2016	MG. Mohan Kumar	T.K. Vishwajith/M .N. Srikanth	American Road Technology & Road Solutions Pvt.  Ltd	thgi Associates Advocates & M M Swamy, Advocate	
