D Prabhakar, Raghunath a C Advocates	M/s Manish Aluminium  Pvt Ltd & 4  others	Josita Juris Advocates	Mr Prakash- chand Jain and another	Sec 241- 242 of CA 2013	For hearing IA 148/19	CP No. 283/BB/2018	38	
Agraa LegaL  ‘Advocates and  consuhant s	M/s Sammrudhi  Reality Ltd	‘ M/s Crest Law Partners Shri SurenderDev asani IRP	M/s Moonbeam Advisory Pvt Ltd	‘ Sec 9 of I&B code 2016	‘Forheaﬁng IA 272/19	CP(IB)No. 189/BB/2018	39	
Kumar& Kumar	Skyline Construction  and Housing Pvt Ltd	Ashish Krupakar	Rajeev Shetty	Sec 9 of I&B code 2016	For dismissal	CP (IB) No. 159/BB/2017	40	
	Skyline Construction and Housing Pvt Ltd	Prashanth P.N	Shalini M.D & another	Sec 9 of I&B Code 2016	For dismissal	CP(|B)No. 43/BB/2018	41	
	Natural Textiles Pvt. Ltd.	G. Vikram/ Sunil S.	S. Chakravarthi	Sec  433( e)/ 433(f) of CA 1956	For dismissal	CP72/16, TP 52/17	42’	
D Vikhar Ahmed	Air Pegasus Pvt. Ltd	Mukesh Yadav of Lexport.	Flight Raja Pvt. Ltd	Sec 9 of I&B Code 2016	1 For dismissal  IA 300/19 — CD in filing & IA 301/19 - recalling the dismissal order ‘ (memo)	CP(|B)No. 10/33/2017	43	
