23	CP No. 582/BB/2018	For hearing	Sec 66 of CA 2013	M/s Individual Learning Pvt Ltd	Pragati Law Chambers		Smt Prema Hatti CGC, ROC	
24	CP(IB)No. 72/33/2019	For filing lRP report	Sec 9 of I&B code 2016	TVI/s Rashmika Info  Technologies Pvt Ltd	Nagadheep Sathyanaraya na & Co.	TVII/s Bunt Solar India Pvt Ltd	V S Associates ‘ Shri Gorur N Venkatara man IRP	
25	BY No. 2640/BB/201 9	For withdrawal	Sec 7 of I&B code 2016	iMr. Suraksh Ravikumar	7Jirtendra C P, Advocate	M/s Sri Murugarajen dra Oil Industry Pvt Ltd		
26	W No. 2505/BB/201 9	For non- compliance of office objections	Sec 9 of I&B code 2016	M/é Rouse Fashions Pvt Ltd	Nyay Prateek Law Chambers	WM/s Flipkart India Pvt Ltd		
27	DYNb. 2737/33/201 9	For non— compliance of office objections	Sec 9 of I&B code 2016	W/s Spirare Energy Pvt Ltd	Pragati Law Chambers	M/s Flowline lnstrumentati on Pvt Ltd		
28	DY No. 2676/BB/201 9	For non- compliance of office objections	Sec 9 0f I&B code 2016	M/s SSP Pvt Ltd	Karma Law Associates	TVI/s Athani Sugars Ltd		
29	DY N70. 3000/ BB/ 201 9	For non— compliance of office objections	?ec 7 of I&B code 2016	M/s Kotak Mahindra Bank Ltd	TNT Ravishankar & V B Vinay Shankan Advocates	WE s A Rawther Spices Pvt Ltd		
30	DY No. 3001/BB/201 9	For non- compliance of office objections	Eec 9 of I&B code 2016	M/s Bird Execujet Airport Services Pvt Ltd	M/s MNA— Legal Services LLP	M/s Deccan Charters Pvt Ltd		
31	DY No. ' 3002/33/201 9	For non—W compliance of office objections	Sec 9 of I&B code 2016	M/s Bird Worldwide Flight Service Mumbai Pvt Ltd	M/s MNA- Legal Services LLP	M/s Deccan Charters Pvt Ltd		
’32	DY No. 3027/BB/201 9	For non—7 compliance of office objections	?éc 9 of I&B code 2016	M/s Intralinks, Inc	Law Chambers of  CK Nandakumar	M/s Bhoruka ‘ Power  Corporation Ltd		
