No	Case No. (TP/CP/  CA(CAA)/ CP(CAA))	Purpose	Section	Ema of the Petitioner or Petitioner Company	Name of the’ CounseI/PCS’ s Appearing  for Petitioner	Name of the Respondent or Respondent Company	Name of the Counsel/P CS's 1 Appearing for Responde nt	
	CP(IB)N0. 66/BB/2019	For orders	Sec 9 of I&B code 2016	M/s DNV Global Pvt Ltd	Keystone Partners	M/s Profenster India Ltd	Amith Ambani	
	CP(IB)No. 13/33/2017	For orders  IA 213/18  IA 129/18  IA 319/19 — For invocation & withdrawal of FD by Financial Creditors	Sec 10 of I&B code 2016	24X7 Learning Pvt Ltd	C B Ramesh Kumar Bhat (RP) & LEX JUSTICIA		M/s Meharia & Company, Advocates for NSDC - Secure Creditors	
	CP(IB)N0. 151/BB/2018	For admission	EC 7 of I&B code 2016	M/s Shan Global Manufacturing & Trading Pvt Ltd	TMurali, Advocate	M/s CLN Properties Pvt Ltd	Mr. Devaraj KS, Mr. I S Devaiah, Advocates	
	CP(|B) No. 154/BB/2017	For clarification IA 231/19, IA 247/19, IA 259/19 & IA 270/19 —  ‘ For initiating Liquidation Procedings	iSec 10 of I&B 2016	State Bank of _ India	IndiarLaw LLP	Deepak Cables (India) Ltd	BUA Associates Ravi Shankar Devarakon da RP. K Kﬁshnapp a for ESIC A Murali for IA 259/19	
