15	CP 20/14, TP 56/16	For final heaﬁng	Sec 397/ 398 of CA 1956	Maﬁjunatha Dasappa & Another	LEXPLEXUS Advocate	Transglobal Power Ltd. & 4 Others.	Key Stone Partners	
16	CP No.12/13, TP 44/16	For final heaﬁng	Sec 397/398 of CA 1956	Kbhilasha & 2 Ors	Iyengar & Pai Advocates	WMaurya Infotek P Ltd & Anr	Raghuram Cadambi R2	
17	CP No. 618/BB/2018	Forheaﬁng IA 74/19	Sec 241- 242 of CA 2013	7M/s VS Sridhar	iFrontics Legal	M/s Sesha Tools Pvt Ltd	Balaji Harish lyer (VK not filed)	
18	CP No. 471/BB/2018	For final heaﬂng	Sec 241— 242 of CA 2013	M/s Geetha Nayak	Madhu N Rao, Narayana others	rM/s Digvijay Printing Inks Pvt Ltd	Just Law Advocates	
19	CP No. 87/38/2019	Forheaﬁng	Sec 241— 242 of CA 2013	M/s Vishwas  Constuctions  Industries Pvt Ltd & Anr.	Earrikal Arjun	Mr. K Ashok Kumar & Others	ATV Legal	
20	CP No. 20/83/2018	For final heaﬁng	241—242 of CA 2013	M/s Girish Jayantilal Porwal	Roshan R. Raikar PCS	M/s Siddmed E-Health Pvt Ltd & another	Shri K Rama Bhat and Associates  R2	
	CP No. 98/BB/2017	For final heaﬂng	Sec 241- ‘  242 of CA 2013	Mr. N. ' Gunashekar	Lex Justicia, Jurisnexus, Adovates	Global Finsol Pvt. Ltd. & Others	C.K. Nanda Kumar for R—l to R-4, R—10 & R— 12.	
	CP No. 82/38/2019	For hearing IAs 205/19, 206/19, 207/19 & 208/19 IA 317/19 — ‘ For maintainability IA 318/19 — For Perjury	Sec 241— 242 of CA 2013	Mr. Chalasani Venkateshwar a Rao & Ors	M/s Holla & Holla	M/s United Telecoms Ltd	Sonya Sridhar, Advocate for R-2, 4 & 5, Precinct Legal for R ‘ 1 & 8, Shreeram T Nayak for R 6	
