	CP(IB) No. 147/BB/2019	’7. . ‘ For admISSIon	?éc 7 of I&B code 2016	Mr. Kishore  Kumar Golecha HUF & Abhishek K	K S Vadivelu, ‘ Advocate	M/s Lathangi ‘ Cycle & Carriage Pvt Ltd		
	CP(lB)No. 19/BB/2018	For admission	EC 9 of I&B Code 2016	M/s Flemingo Airport Retails ‘ Ltd	Indus Law Advocates	W5 Carvan Evolved Carft Pvt Ltd	Shri Dhananjay Joshi  ‘ Associates	
	CP(lB) 7N0. 114/BB/2019	For admission	EC 9 of I&B code 2016	Mr. Greg Dryer	Magnah Law Partners	M/s Fitkids Education & Training Pvt Ltd	getty & Hegde Associates	
	CP(|B)N0. 216/BB/2018	Forheaﬂng	iSec 7 of I&B code 2016	M/s AxisiBank Ltd	Poornima Hatti	M/s Karuturi Global Limited	Naman  Jhabakh VK not  filed	
	CP(|B)No. 192/BB/2018	For admission 1	?(EC 9 of I&B code 2016	M/s lnterfreight (Forwarders) Pvt Ltd	C K Nandakumar	M/s Karuturi Global Ltd	Naman  Jhabakh  VK not ‘ filed	
10	CP(IB)No. 101/33/2019	—__—1. . \ For admISSIon	Sec 9 of I&B code 2016	M/s SMCV Corporation (India) Pvt Ltd	Aradhana Lakhtakia, Advocate	thm (India) Ltd	Suresh & Markanda Setty, advocates	
11  12	CP(IB) No. 134/BB/2018     J I	For settlement	Sec 7 of I&B Code 2016	M/s Premier Tabacco Packers Private Limited	Ranga Rao Doradla, PCS	M/s Karruturi Global Limited	Sneha Nagaraj & ‘ Harikrishn  ‘ a Pramod,  > Advocates	
Ravishank  ar Devarakon da, PCA	CP(|B) No. 39/88/2018	For settlement ‘	Sec 9 of I&B Code 2016	M/s Festo India Pvt Ltd	King & Partridge	SPM (India) ‘  Ltd	Markanda Shetty (VK not filed)	
M/s Raghu Infra Pvt Ltd	Ravishank  ar  Devarakon ‘ da, PCA	CP(lB) No. ‘ 201/BB/2018	For reporting settlement	Sec 9 of I&B code ‘ 2016	M/s Dayal Spun Pipes Pvt Ltd	R &J ' Associates	M/s Raghu Infra Pvt Ltd	
