SL No	Case No. (TP/CP/ CA(CAA)/ CP(CAA))	Purpose	Section	Eine of the Petitioner or Petitioner Company	Name of the Counsel/PCS’ s Appearing for Petitioner	7N5me of the Respondent or Respondent  Company	Name of the Counsel/P CS’s Appearing for Responde nt	
	CP(IB) No. 222/33/2019	For admission	Sec 9 of I&B code 2016	“/5 Total Logistics Pvt Ltd	?\mrit Lal Saha 8: Associates	M/sWHeadwin Exim Pvt Ltd		
	CP(lB) No. 23/33/2019	For admission	Sec 7 0f I&B code 2016	Smt Lakshmi Satish Kumar	B Krishna Kumar, B Prasant, Advocates	M/s Unique Traning Corporation India Pvt LtL		
	CP(IB) No. 224/33/2019	For admission	Sec 7 of I&B code 2016	EiPidaparthy Sri Ganesh	B Krishna Kumar, B Prasant, Advocates	M/s Unique Traning  Corporation India Pvt Ltd		
	CP 133/15, in TP 15/17	For clarification	Sec  433(e) / 433(f) of CA 1956	Trivium Systems Inc	?Hetty & Hegde Associates	Sobha Renaissance Information Technology Pvt. Ltd.(SRIT)	3.5. Legal	
	CP(IB)N0. 80/38/2019	For consideration  IA 200/19	iSec 7 of I&B Code 2016	M/s State Bank of India	mia Law (LLP), Advocates	M/s BMM lspat Ltd	Ajay T. Nandalike, KR, Pragati Law Chambersi	
	CP(IB) No. 206/BB/2019	For admission	?ec 7 of I&B Code 2016	M/s Eera Investments	R P Lalit & Co. Advocates & Solicitors	M/s M R Pro Tech Pvt Ltd		
