	CP(|B)No. 65/BB/2019	For admission	Sec 9 of I&B code 2016	Mr. Arounane P	Smt Uma Arya Advocate	“/5 One Bill Software Pvt Ltd	Shri Venkatesh (VK not field)	
	CP(IB)No. 18/88/2019	For admission	Sec 9 of I&B code 2016	VM/s Sitson India Pvt Ltd	7 M M Swamy Advocate	M/s Sovereign Industries Ltd	Conscienti a Law Associates , Prajwal K Aradhya	
	CP(IB)N0. 21/33/2019	For admission	Sec 9 of I&B code 2016	M/s Giesecke & Devrient MS India Pvt td	Keystone Partners	Mmemmﬂ Packa rd  Enterprise India Pvt Ltdi	Crest Law Partners	
10	CP(|B)N0. 177/BB/2019	For admission	Sec 9 of I&B code 2016	M/s Magnifico Minerals Pvt Ltd	S. Shetkar	M/s Ratna  Cements (Yadwad) Ltd		
11	C7P(IVB)N0. 214/BB/2018	For admission	Sec 9 of I&B code 2016	M/s Datamatics Digital Ltd	Yukti Law Chambers	W/s Sipani Online Pvt Ltd	Shri H V Nagaraja Rao, Advocate	
12	CP(IB)N0. 96/88/2019	For admission	Sec 9 of I&B code 2016	M/s Charan Logistics	Ms Mano Ranjani & Keethana Medarametla ,Advocatesi	M/s Muralikrishn a Infracon (Bangalore) Pvt Ltd		
13	CP 20/16, TP 248/17	For finai heaﬁng	Sec237 (A) (ii) of CA 1956	Mr. Kumar Dinesh Seth	RS Law Associates	M/S MRO Tek Ltd.	iAdlaw Partners for R-3. Prema Hatti for R-2 (Union of India)	
14	CP No. 486/BB/2018	For final hearing IA 359/18, Objection non complied Dy No 815/19, IA 104/19	Eec 241- 242 of CA 2013	M/s Jitendra Virwani	Tjéesh Kumar S	M/S MRO TEK Reality Ltd & Others	Adlaw Partners Advocate R11, 13 and 15.	
15	CP(CAA)No. 08/BB/2019	For finarl hearing	EC 230- 232 of CA 2013	M/s Micro Labs Limited	Aparﬁ a Purkaystha Advocate		T(OC report awaited	
