20	CP No. 373/BB/2018	For hearing	’Sec 241- 242 of CA 2013	W5 Hiten Kumar Shashikant Vadhar	7-\rjun Rao Advocate	45}enix Technocraﬁs Pvt Ltd 8L  0th rs	G Rajendran (PCS), Karan Josheph R4.	
21	CP No. 31/83/2018	Forheaﬂng	Sec 241— 242 of CA 2013	Mr Ramesh M	S Manju Anand	7M/s v M Contractors Pvt	Shri Vyasakara n Upadyay and Sanjay R1-4	
22	E(IBmo. 228/BB/2018	Forheaﬁng	Sec 9 of I&B code 2016	M/s lndu Corporation Pvt Ltd	ﬁakordas & Madagarkar Advocate	M/s BhuwalkaStel l Industries Ltd	CK Nandaku mar, Varun S, Raghuram Cadambi, Advocates Mr. Shivadutt Bannanje IRP	
23	DY No. 2811/BB/201 9	m— compliance of office objections	Sec 9 of I&B code 2016	M/s JCDecaux Advertising India Pvt Ltd	S Guru Prasanna, Advocates	M/s Royaume Estates Pvt Ltd		
24	DY No. 2812/BB/201 9	For non — compliance of office objections	EC 9 of I&B code 2016	M/s JCDecaux Advertising India Pvt Ltd	S Gﬁru Prasanna, Advocates	M/s Ithaca Estates Pvt Ltd		
25	DY No. 2813/88/201 9	For non — compliance of office objections	Eéc 9 of I&B code 2016	M/s JCiDecaux Advertising India Pvt Ltd	5 Gun; Prasanna, Advocates	M/s Skylark Arcadia Pvt Ltd		
26	DY No.7 2850/BB/201 9	For non — compliance of office objections	Sec 9 of I&B code 2016	Sri SirRama Narayanan	Wk Associates	M/s , Valuemart  Gold & Jewels Ltd		
27	DY No. 2851/BB/201 9	mn— compliance of office objections	7 Sec 9 of I&B code 2016	M/s E-Verve Design & Anr	AdarshrRai, Advocate	M/s Home Interior Designs E- Commerce Pvt Ltd		
28	DY No. 2860/BB/201 9	For non — compliance of office objections	Sec 9 of I&B code 2016	M/s Supreme Transport Organisation Pvt Ltd	Yahya Batatawala, Advocate	M/s ABB India Pvt Ltd		
