	‘ M/s Moﬁﬁ Self Adhesive Tapes & Foams (India)  ﬂt Ltd	G M Ganapathi, PCS	Mr. Rajendra Tulshidas Katore	Sec 241- 242 of  CA 2013	For hearing V IA 289/19	’ CP No. 105/33/2019		
‘ S Rajendréi (VK not filed)  , i	Kavveﬁ Telecomm Pvt Lttd	‘ Southern Resolution  Professionals LLP	1 Huayong Communicatio ns Co. Ltd	Sec 9 of I&B code 2016	Forheaﬂng	CP(IB)No. 128/BB/2018		
‘ King 8: 7 Partridge, Advocates	I lttina  Properties Pvt Ltd	Sreevastasa  Associates	Lalitha Developers	\ Sec 9 of I&B code 2016	} For hearing	‘ CP(IB) No. 129/BB/2018		
M/s Indusi ‘ Law	M/s NxtFGen Datacenter and cloud  Technologies , Pvt Ltd	Dore Raj Adovate	} M/s Dimension Data India Pvt Ltd	’ Sec 9 of I&B code 2016	For final hearing IA 209/19	\ CP(IB) No. ‘ 120/BB/2018		
Yadupathi G & Ashoka C Advocates H. Rao Advocate for Canara Bank, Tapas Law Advocates for RP	M/s Scotts Garments Limited	A K MylsamT & Associates LLP	M/s Saravana Distributors	Sec 9 of I&B code 2016	Forheaﬁng IA 284/19	CP(IB) No. 68/88/2018		
