17	CP(IB) No. 125/BB/2019	Sec 9 of I&B Code 2016	For admission	M/s Knight Frank (India) Pvt Ltd	Pragati Law Chambers	Shalini Siranandar (VK not field)	Tablespace Technologies Pvt Ltd	
18	CP(IB)No. 95/88/2018	For admission	Sec 9 of I&B Code 2016	M/s Interactive Avenue (P) Ltd	Spectra Rain tree advocates	M/s Unishire Housing LLP	S Guru Prasanna,, Smt Priyanka, S Angadi	
19	CP(lB)No. 36/BB/2018	For admission IA 146/19	Sec 9 of I&B Code 2016	M/s Advance Cable Technologies Pvt Ltd	Shri Akmal Pasha Advocate	GCN Broadband Pvt Ltd	Pragati Law Chambers Advocates	
20	CP(lB) No. 39/88/2018	Sec 9 of I&B Code 2016	For admission	M/s Festo India Pvt Ltd	Markanda Shetty (VK not filed)	SPM (India) Ltd	King & Partridge	
21	CP(|B)N0. 195/BB/2018	For admission	Sec 9 of I&B code 2016	M/s Next Radio Ltd	M/s Disha Communicati on Pvt Ltd	Common Law Chambers	Manmoha n P N Associates	
22	CP(|B)N0. 04/38/2018	For admission	Sec 9 of I&B Code 2016	Firefly Creative Studio Pvt Ltd	Rockline Entertainmen ts Pvt Ltd	H N Narendra Dev Advocate	MS Shyam Sundan Prasannak umar and others Advocate	
23	CP(|B)N0. 18/88/2019	For admission	Sec 9 of I&B code 2016	M/s Sitson India Pvt Ltd	M/s Sovereign Industries Ltd	M M Swa my Advocate	Conscienti a Law Associates , Prajwal K Aradhya	
24	CP(|B)No. 101/33/2019	For admission	Sec 9 of I&B code 2016	M/s SMC Corporation (India) Pvt Ltd	Aradhana Lakhtakia, Advocate	M/s SPM (India) Ltd	Suresh & Markanda Setty, advocates	
25	7CP(IB) No. 153/BB/2019	For settlement	Sec 7 of I&B code 2016	M/s Dalmia Cement (Bharat) Ltd	Sarvotham P PCS	M/s Sri Pulakeshi Cement Pvt Ltd	P Periaswa my, PCS	
26	?PuBmo. 70/33/2019	For §éttlement	Sec 7 of I&B code 2016	’M/s IKF Financial Ltd	N Kumar	llnfocomm IT Services Pvt Ltd	S R Sreeepras ad (VK not filed)	
27	7:13 No.12/13, TP 44/16	7FE>r settlement	Sec 397/398 of CA 1956	Abhilasha & 2 Ors	Iyengar & Pai Advocates	Maurya Infotek P Ltd & Anr	Raghuram Cadambi R2	
