28	For hearing on IA 38/18	CA 1/14 in CP 46/12, in TP 35/16	R-2 to R-4 & R-5 SPJ LegaI.G.B. Sabari Das for R—7. Abhilash Raju V & Mouryana ‘ th Reddy D for R-9 VGB Associates for R-9	Shree Basaveshwar a Agro Foods Processing Ltd. & 3 Others	M. Habeeb Rahaman & Mr. B B Parekh,  1 Advocate i	Mrs. Mangala Yuvaraj Nakade 8L Anr	Sec 397/ 398 of CA 1956	
29	Key Stone Partners	For hearing IA 296/19	CP 68/12, CA 1/2013 in TP 39/16	SM. Kannappa Automobiles (P) Ltd. & Ors.	Adarsh S./ Arun Sri kumar	Sudarshan Kumar Manchanda & 2 Ors	Sec 397/ 398 of CA 1956	
30	CP(CAA)N0. 60/BB/2018	Smt Prema Hatii CGC, ROC		Trilegal Advocate	M/s Vmware Software India Pvt Ltd	Sec 230-232 of CA 2013	Forheaﬂng	
31	CP No. 18/88/2019	Sec 61(1)(b) of CA 2013	For hearing	ROC report awaited		Jyotika Kamat PCS	M/s MEMG Securities Ltd	
32	CP No. 641/BB/2018	For final heaﬁng	ROC	Sec 252 of CA 2013		M/s Ocean Knits Pvt Ltd	Sanjay Nair Advocates	
33	CP No. 535/BB/2018	For hearing	Sec 252(3) of CA, 2013	Dhananjay Joshi Associates	M/s Prime Finstock (India) Pvt Ltd	ROC report awaited	ROC	
34	CP No. 268/BB/2018	For final heaﬂng	Sec 252 of CA 2013	Argus Partners Advocates	M/s Base Buildtech India  Pvt Ltd	ROC report awaited	ROC	
35	CP No. 53/38/2019	For final heaﬂng	Sec 66 of CA, 2013	SJ P Legal	M/s Brillio Technologies Pvt Ltd	Smt Prema Hatti CGC, ROC	ROC	
36	CP No. 25/33/2019	For hearing	Sec 59 of I&B code 2016	M/s Arada Systems Private Limited		Thirupal Gorige PCA	ROC report awaited	
