SL‘ No‘	Case No. (TP/CP/ CA(CAA)/ CP(CAA))	Purpose	Section	mime of the Petitioner or Petitioner Company	Name of the Counsel/PCS’ s Appearing for Petitioner	Name of the ‘ Respondent or Respondent Company	Name of ‘ the ‘ Counsel/P CS’s Appearing for  1 Responde  ‘ nt	
	CA(CAA)N0. 54/83/2018	For pronouncemev nt oforders	Sec 230- 232 of CA 2013	T/I/s MEL Windmills Pvt Ltd	?\rgus Partners			
	CA(CAA)No. 55/38/2018	For pronounceme - nt of orders	Sec 230- 232 of CA 2013	M/s MEL Properties Pvt Ltd	Irgus Partners			
	CA(CAA)N0. 56/BB/2018	For pronouncemev nt of orders	Sec 230- 232 of CA 2013	M/s Mineral Enterprises Limited 7	Egus Partners			
	CP(|B) No. 210/33/2019	For admission (memo)	Sec 9 of I&B Code 2016	W5 Biomatiques lndentification Solutions Pvt Ltd	Natasha Dhruman Shah, Advocate	W5 Wipro Ltd		
	CP(|B) No. 211/BB/2019	For admission (memo)	?ec 70f I&B Code 2016	Sri Babu Phutane Sakamani & Ors	NKMw Chambers	M/s Bhagyalaksh mi Homes LLP		
	37ij 278/BB/2018	For hearing ‘ IA 416/18, IA 422/18, IA 441/18, IA 135/19	?éc 241— 242 of CA 2013	M/s Anand KumarJain and Another	Keystone Partners	M/s Enterprise software Solutions Lab ‘ Pvt Ltd. And others	Mamata.G ‘ Kulkarni, Advocate for R—4  VGB Associates for Rl—RL	
