	E(IB) No. 172/33/2019	For admission	Sec 7 of I&B Code 2016	M/s VSL Securities Pvt Ltd	iPriagati Law Chambers	M/s Unishire Housing LLP	G S Venkata Subba rao (VK not filed)	
	E(IB) No. 173/BB/2019	For admission	Sec 7 of I&B Code 2016	M/s VSL Realties Pvt Ltd	Pragati Law Chambers	M/s Unishire Housing LLP	G S Venkata Subba rao (VK not ﬁled)	
	70303) No. 187/BB/2019	For admission	Sec 7 of I&B code 2016	M/s Altico Capital India Ltd	Sunil Sanjay, PCA	M/s Unishire Housing LLP		
10	CP(IB) No. 156/BB/2019	For admission	Sec 7 of I&B Code 2016	Mrs. Durriyah Mohammed Nadeem & Mr. Mohammed Nadeem	VGB Associates	M/s Sanchaya  Land & Estate Pvt Ltd	Gautam S Bharadwaj & Vinay Kutappa KS Advocates	
11	CP(IB) No. 161/BB/2019	For admission	Sec 9 of I&B Code 2016	M/s Media Star Pvt Ltd	rMurali & co., Advocates	M/s Sanchaya Land & Estate Pvt Ltd	Gautam S Bharadwaj & Vinay Kutappa KS Advocates	
12	EP(IB)No. 56/88/2019	For admission	Sec 9 of I&B code 2016	M/é Amtech Electronics (India) Limited	India Law LLP	M/s Ecolibrium Energy Pvt  Ltd	Universal Legal	
13	CPUB) No. 136/BB/2019	For admission	Sec 9 of I&B code 2016	TVUs Rama Enterprises	E} Nidhishree, Advocate	M/s Riteway Packaging Pvt Ltd		
14	E(IB) No. 115/33/2019	Err Admission	Sec 9 of I&B code 2016	M/swEximax Trading	Chaitanya & Nithyananda, Advocates	M/s Maylari Agro Products Limited	Sateesh S Kudtarkar & Kishore Kumar S,  Advocates	
15	iCP(|B)No. 98/38/2019	For admission	Sec 9 of I&B code 2016	M/s Leo’s Elevators Components Marketing Pvt Ltd	M/s K Narayana 8L AssociatesAd vocates	Suribdaya Elevators Pvt Ltd	Law Park Associates	
16	CP(IB)NO. 79/BB/2018	For admission	?Sec 9 of I&B Code 2016	M/s’KEc International Ltd	Karthik Ranganathan LL	M/s Delton Electric Switchgears Pvt Ltd	Shri Abhijit Atur, Agraa Legal	
