35	CP No.7 56/38/2019	For final hearing	iSec131 of CA, 2013	M/s Wickedride Adventure Services Pvt 1 Ltd	Anandteert—h Hipparagi & Co.,		Smt Prema Hatii CGC, ‘ ROC  f	
	CP No. 64/88/2018	For hearing	Sec 245 of CA 2013	M/s Peepul Capital Fund II 1 LLC	BUA Associates	Unigersal Power Transformer Pvt Ltd and others	Em K Dushyanth a Kumar R1, Shri K Prakyath Shetty R2,  1 Shri V L Harish Kumar RL	
	CP No. 65/33/2018	For hearing	’Eéczls of CA 2013	M/s Peepul Capital Fund II LLC	?UA Associates	Universai Power Transformer Pvt Ltd and others	Ehri K Dushyanth a Kumar R1, Shri K  ‘ Prakyath Shetty R2, Shri V L Harish Kumar R3	
38	CP No. 535/BB/2018	For hearing	Sec 252(3) of CA, 2013	M/s Prime Finstock (India) Pvt Ltd	Dhanahjay Joshi Associates	ROC	Roc report awaited	
39	CP No. 81/BB/2019	Forheaﬁng	Sec 252(1) /252(3) of CA 12013	M/s Bluechip Services (International) Pvt Ltd	Laxmikanth K.B, Advocate	ROC	?oc report awaited	
40	CP No. 480/BB/2018	Forﬁnal heaﬁng	Eéc 59 of CA 2013	M/s Badigeri  John Davidon	Siva ramakris- hna MS and others Advocates	M/s Ceylon & India General Mission	C K Nanda Kumar  and Varun 5 MRS	
	DY No. 2271/BB/201 ‘ 9	For non 4 compliance of office objections	iSec 9 of I&B code 2016	M/s MS Agarwal Foundaries Pvt Ltd	Sanjay Kumar Sharda, PCA	M/s Gulém Mustafa  Enterprises Pvt Ltd		
42	DY No. 2402/BB/201 9	For non — compliance of office objections	Eéc 9 of I&B code 2016	M/s Enkay Technologies (India) Pvt Ltd	Aravinda Kamath P, Advocate	M/s lngersoll — Rand Climate Solutions Pvt Ltd		
