SL No	Case No. (TP/CP/  CA(CAA)/ CP(CAA))	$urpose	Section	7 Name of the Petitioner or Petitioner Company	Name of the Counsel/PCS’ s Appearing for Petitioner	Name of the Respondent or Respondent Company	Name of the Counsel/ P CS's Appearing for Responde nt	
	EP No. lOO/BB/2019	E} Admission IA 254/19	Sec 241- 242 of CA 2013	Mrs Rajani Sathish	Sappannavar & GSK Legal	V75 Shanthala  Spherocast Pvt Ltd & Ors 7		
	E No. 101/BB/2019	?or Admission	Sec 241— 242 of CA 2013	7Mrs Rajani Sathish	Sappannavar & GSK Legal	V/s Shanthala  Spherocast Pvt Ltd & Ors 7		
	E(CAA) No. 31/33/2019	For admission	Sec 230- 232 of CA 2013	7M/s Alufit (India) Pvt Ltd	3P] Legal			
	ENG. 99/33/2019	For admission	Sec 59(1) of CA 2013	$1 G Meghshyam	Eéuthamdev C UllaA, Advocate	M/s Ramgad Minerals & Mining Ltd & others		
	CP(|B) No. 185/BB/2019	For admission	Sec 7 of I&B code 2016	W5 Shri Subhash A Goge & others	Dua Associates	M/s Expat Projects & Development Pvt Ltd		
	Ens) No. 186/BB/2019	For admission	iSec 7 of I&B code 2016	V75 Corporation Bank	Thdia Law LLP	M/s Avasarala Technologies Ltd		
	CP(IT3) No. 187/BB/2019	For admission	Sec 7 of I&B code 2016	M/s Altico Capital India Ltd		M/s Uriishire Housing LLP		
