Z8	CP(IB) No. 102/33/2019	For settlement ‘ 1	32c 9 of I&B code 2016	M/s Madura Coats Pvt Ltd	Prashanth, Jayakumar & ‘ Subramanya, Advocates	M/s Jenious Clothing Pvt ‘ Ltd		
	CP 61/13, CA 01/16 in TP 51/16	For Settlement	’Sec 397/ 398 of CA 1956	C. Vasanth Kumar & 2 Others	Em & Kumar	Balakrishna Livestock Breeders P. Ltd. & 12 Others	J. Sagar Associates for R1 to R5 & R-12 to R-13. (A Murali)	
	CP 71/10, TP 24/16	For hearing	?ec 397/ 398 of CA 1956	aﬁtam R. Padival & 2 Ors	NA.K. Law Chambers	The Karnataka Theatres Ltd. 8: 55 Ors.	Pradeep D. ofJust Law for R- 1 to R-9.  ‘ Agraa Legal for R-11 to R- 13 & 37. .Vivekana nda of VGB Associates for R-SL	
31‘	CP 09/16	For hearing	4§5c241 of CA 2013	M.V. Prakash Gurbaxani	Bhargava D Bhat of BMSP  Associates	SBF Health Care Pvt. Ltd. & 2 Ors.	Arvind Kaushik of Bangalore Law Associates for R1 to R3. 7	
32	CP No. 20/BB/2018	For final heaﬁng	241—242 of CA 2013	M/s Girish Jayantilal Porwal	Roshan R. Raikar PCS	M/s Siddmed Ethealth Pvt Ltd.	Shri K Rama Bhat and Associates R2	
33	CP N0. 618/BB/2018	Forheaﬂng IA 74/19	Kc 241- 242 of CA 2013	MhV§ Sﬁdhar	Frontics Legal	M/s Sesha Tools Pvt Ltd	Baléji Harish lyer (VK not filed)	
34	CP No. 29/88/2017	For hearing	Sec 241/ 242 of CA 2013	Mr. Abhijit Dutta	C.K. Nandakumar	Digglite Marketing Solutions Pvt Ltd.	Tatva Legal for R-l & R-2 R-3.	
