18	cimsmo. 18/BB/2018	For admission ‘	Sec 9 of I&B Code 2016	M/s SreeVinayaka Buildwell Projects Ekoanta Corporation	H M Harsha	V/s Nitesh Estate Ltd.,	M/s Holla ‘ Holla ‘ Advocates	
19	CP(IB)N0. 17/83/2018	For admission	Sec 9 of I&B Code 2016	M/s Sree Vinayaka Buildwell Projects Pvt Ltd	7H M Harsha	M/s Nitesh Housing Developers Pvt Ltd.	M/s Holla Holla Advocates	
20	72P(IB)No. 101/33/2019	For admission	iSec 9 of I&B code 2016	M/sSMc Corporation (India) Pvt Ltd	Aradhana Lakhta kia, Advocate	W/s SPM (India) Ltd		
21	CP(lB)No. 221/BB/2018	For admission	Sec 9 of I&B code 2016	M/s TCL freight (a Division of Transport Corporation of India Ltd)	Ehandrasekar P Patil Advoate	TVI/s Headwin Exim Pvt Ltd		
22	CP(IB)N0. 95/BB/2018	For admission	iSéc 9 of I&B Code 2016	M/s Interactive Avenue (P) Ltd	S Guru Prasanna,, Smt Priyanka, S Angadi	M/s Unishire Housing LLP	Spectra Rain tree advocates	
23	CP(lB)No. 63/88/2019	For admission	Sec 9 of I&B code 2016	M/sﬁSugam Parivahan Pvt Ltd	Prasrhanth B K & Associates	M/s SA Raulther Spices Pvt Ltd	N; Suresha & Associates Law Firm, i Advocates	
24	CP(|B) No. 164/BB/2019	For admission	WSec 9 of I&B Code 2016	M/s Tata Power Solar Systems Limited	ATV Legal	M/s Bhoruka Power  Corporation Ltd		
25	CP(|B) No. 103/33/2019	For admission	gee 9 of I&B code 2016	M/s PC Infra Steels	Sattvia Law Associates	M/s SJR Prime Corporation Ltd		
26	CP(|B)N0. 43/88/2018	For admission	Sec 9 of I&B Code 2016	Shaliﬁi M.D & another	Prashanth P.N	Skyline Construction and Housing Pvt Ltd		
27	Dy No. 5789/BB/201 8	For Dismissal	WSec252 of CA 2013	M/s Hithkari Land & Finance Pvt Ltd	J Sagér Associates	ROC 7		
