	CP(IB)No. 173/BB/2018	For admission	Sec 7 of I&B code ‘ 2016	M/s Orix Leasing &Financial  Services India Ltd	Latha Shetty Advocate	M/s Solar Semiconduct or Energy 1 Systems (India) Pvt Ltd		
	CP(IB)N0. ‘ 211/BB/2018	For admission ‘	?ec 7 of I&B code 2016	M/s Smité Conductors Pvt Ltd	Girish Kambadaraya PCA	Bhorukha Power 1 Corporation \ Ltd  M/s ‘	Samarth Shreedhar ‘ (VK Not ‘ filed)	
10*	CP(IB) No. \ 163/BB/2019	For admission	Sec 7 of I&B Code 2016	M/s Avi Solar ‘ Energy Pvt Ltd	Perikal K Arjun,  i Advocates	M/s ADC Power Pvt Ltd		
	CP(IB) No. 137/33/2019 ‘	For admission	EC 7 of I&B code 2016	M/s India Renewable ‘ Energy Development Ltd	Sushant Kumar Dey	M/s Nobel ‘ lnspat & Energies Ltd		
	CP(IB) No. ‘ 134/BB/2018	For admission	Sec 7 of I&B Code 2016	M/s Premier Tabacco Packers  Private Limited	Ranga Rao Doradla, PCS	M/s Karuturi Global Limited	Sneha  Nagaraj & Harikrishn a Pramod, Advocates  \	
13	CP(IB)No. 112/BB/2019	For Admission	Kc 7 of I&B code 2016	M/s State Bank of India	IndiaLaw LLP	M/s Bharath Infra Import & Exports Ltd	Jayap rakas h Shetty, Advocate	
14	CP(IB) No. 111/33/2017	For admission ‘	Siec 9 of I&B code 2016	J.R. Metal Chennai Ltd.	Raghu VHulikaI of R.P. Lalit& Co.,	Nitesh Houyng Development Pvt Ltd	Holla & Holla	
	CPUB)N0.  112/BB/2017	For admission	Sec 9 of I&B code 2016	J.R. Metal Chennai Ltd.	Raghu Hulikal of RP. Lalit& Co.,	Nitesh Urbén Development Pvt Ltd.	Holla & Holla	
	CP(IB)N6. 215/BB/2018	For admission	E: 9 of I&B code	M/s Anirban Chakrabothy	AK Law Chambers	M/s  Futemind  Technologies ‘ (P) Ltd	Nikhil D \ Kamath (VK not  \ filed)	
'17	CP (IB) No. 159/BB/2017	For admission	Sec 9701c I&B code 2016	Rajeev Shetty	Ashish Krupakar	Skyline Construction and Housing Pvt Ltd	Kumar & Kumar	
